<?xml version="1.0" encoding="utf-8"?>
<Defs>
  <SoundDef>
    <defName>AR_Waves</defName>
    <context>MapOnly</context>
    <maxSimultaneous>1</maxSimultaneous>
    <sustain>True</sustain>
    <priorityMode>PrioritizeNearest</priorityMode>
    <subSounds>
      <li>
        <muteWhenPaused>True</muteWhenPaused>
        <grains>
          <li Class="AudioGrain_Clip">
			<clipPath>Ambient/ar_wave3</clipPath>
          </li>
        </grains>
        <volumeRange>40</volumeRange>
        <distRange>10~50</distRange>
      </li>
    </subSounds>
  </SoundDef>
  <SoundDef>
    <defName>AR_Waves2</defName>
    <context>MapOnly</context>
    <maxSimultaneous>1</maxSimultaneous>
    <sustain>True</sustain>
    <priorityMode>PrioritizeNearest</priorityMode>
    <subSounds>
      <li>
        <muteWhenPaused>True</muteWhenPaused>
        <grains>
          <li Class="AudioGrain_Clip">
			<clipPath>Ambient/ar_wave2</clipPath>
          </li>
        </grains>
        <volumeRange>40</volumeRange>
        <distRange>10~50</distRange>
      </li>
    </subSounds>
  </SoundDef>
  <SoundDef>
    <defName>AR_River</defName>
    <context>MapOnly</context>
    <maxSimultaneous>1</maxSimultaneous>
    <sustain>True</sustain>
    <priorityMode>PrioritizeNearest</priorityMode>
    <subSounds>
      <li>
        <muteWhenPaused>True</muteWhenPaused>
        <grains>
          <li Class="AudioGrain_Clip">
			<clipPath>Ambient/ar_river</clipPath>
          </li>
        </grains>
        <volumeRange>40</volumeRange>
        <distRange>10~50</distRange>
      </li>
    </subSounds>
  </SoundDef>
  <SoundDef>
    <defName>AR_River2</defName>
    <context>MapOnly</context>
    <maxSimultaneous>1</maxSimultaneous>
    <sustain>True</sustain>
    <priorityMode>PrioritizeNearest</priorityMode>
    <subSounds>
      <li>
        <muteWhenPaused>True</muteWhenPaused>
        <grains>
          <li Class="AudioGrain_Clip">
			<clipPath>Ambient/ar_river2</clipPath>
          </li>
        </grains>
        <volumeRange>100</volumeRange>
        <distRange>10~50</distRange>
      </li>
    </subSounds>
  </SoundDef>
  <SoundDef>
    <defName>AR_bird</defName>
    <context>MapOnly</context>
    <maxSimultaneous>1</maxSimultaneous>
    <sustain>True</sustain>
    <priorityMode>PrioritizeNearest</priorityMode>
    <subSounds>
      <li>
        <muteWhenPaused>True</muteWhenPaused>
        <grains>
          <li Class="AudioGrain_Clip">
			<clipPath>Ambient/ar_birds</clipPath>
          </li>
        </grains>
        <volumeRange>20</volumeRange>
        <distRange>10~30</distRange>
      </li>
    </subSounds>
  </SoundDef>
  <SoundDef>
    <defName>AR_bird20</defName>
    <context>MapOnly</context>
    <maxSimultaneous>1</maxSimultaneous>
    <sustain>True</sustain>
    <priorityMode>PrioritizeNearest</priorityMode>
    <subSounds>
      <li>
        <muteWhenPaused>True</muteWhenPaused>
        <grains>
          <li Class="AudioGrain_Clip">
			<clipPath>Ambient/ar_birds20</clipPath>
          </li>
        </grains>
        <volumeRange>15</volumeRange>
        <distRange>10~30</distRange>
      </li>
    </subSounds>
  </SoundDef>
  <SoundDef>
    <defName>AR_bird21</defName>
    <context>MapOnly</context>
    <maxSimultaneous>1</maxSimultaneous>
    <sustain>True</sustain>
    <priorityMode>PrioritizeNearest</priorityMode>
    <subSounds>
      <li>
        <muteWhenPaused>True</muteWhenPaused>
        <grains>
          <li Class="AudioGrain_Clip">
			<clipPath>Ambient/ar_birds21</clipPath>
          </li>
        </grains>
        <volumeRange>15</volumeRange>
        <distRange>10~30</distRange>
      </li>
    </subSounds>
  </SoundDef>
  <SoundDef>
    <defName>AR_bird22</defName>
    <context>MapOnly</context>
    <maxSimultaneous>1</maxSimultaneous>
    <sustain>True</sustain>
    <priorityMode>PrioritizeNearest</priorityMode>
    <subSounds>
      <li>
        <muteWhenPaused>True</muteWhenPaused>
        <grains>
          <li Class="AudioGrain_Clip">
			<clipPath>Ambient/ar_birds22</clipPath>
          </li>
        </grains>
        <volumeRange>20</volumeRange>
        <distRange>10~30</distRange>
      </li>
    </subSounds>
  </SoundDef>
  <SoundDef>
    <defName>AR_bird23</defName>
    <context>MapOnly</context>
    <maxSimultaneous>1</maxSimultaneous>
    <sustain>True</sustain>
    <priorityMode>PrioritizeNearest</priorityMode>
    <subSounds>
      <li>
        <muteWhenPaused>True</muteWhenPaused>
        <grains>
          <li Class="AudioGrain_Clip">
			<clipPath>Ambient/ar_birds23</clipPath>
          </li>
        </grains>
        <volumeRange>20</volumeRange>
        <distRange>10~30</distRange>
      </li>
    </subSounds>
  </SoundDef>
  <SoundDef>
    <defName>AR_bird24</defName>
    <context>MapOnly</context>
    <maxSimultaneous>1</maxSimultaneous>
    <sustain>True</sustain>
    <priorityMode>PrioritizeNearest</priorityMode>
    <subSounds>
      <li>
        <muteWhenPaused>True</muteWhenPaused>
        <grains>
          <li Class="AudioGrain_Clip">
			<clipPath>Ambient/ar_birds24</clipPath>
          </li>
        </grains>
        <volumeRange>20</volumeRange>
        <distRange>10~30</distRange>
      </li>
    </subSounds>
  </SoundDef>
  <SoundDef>
    <defName>AR_bird25</defName>
    <context>MapOnly</context>
    <maxSimultaneous>1</maxSimultaneous>
    <sustain>True</sustain>
    <priorityMode>PrioritizeNearest</priorityMode>
    <subSounds>
      <li>
        <muteWhenPaused>True</muteWhenPaused>
        <grains>
          <li Class="AudioGrain_Clip">
			<clipPath>Ambient/ar_birds25</clipPath>
          </li>
        </grains>
        <volumeRange>15</volumeRange>
        <distRange>10~30</distRange>
      </li>
    </subSounds>
  </SoundDef>
  <SoundDef>
    <defName>AR_bird26</defName>
    <context>MapOnly</context>
    <maxSimultaneous>1</maxSimultaneous>
    <sustain>True</sustain>
    <priorityMode>PrioritizeNearest</priorityMode>
    <subSounds>
      <li>
        <muteWhenPaused>True</muteWhenPaused>
        <grains>
          <li Class="AudioGrain_Clip">
			<clipPath>Ambient/ar_birds26</clipPath>
          </li>
        </grains>
        <volumeRange>15</volumeRange>
        <distRange>10~30</distRange>
      </li>
    </subSounds>
  </SoundDef>
</Defs>