<?xml version="1.0" encoding="utf-8"?>
<ModMetaData>
	<name>Ambient Rim</name>
	<author>swablu</author>
	<packageId>swablu.ambience</packageId>
	<supportedVersions>
		<li>1.4</li>
	</supportedVersions>
	<description>\nAdds ambient noises to the rim.</description>
	<modDependencies>
    <li>
        <packageId>brrainz.harmony</packageId>
        <displayName>Harmony</displayName>
        <steamWorkshopUrl>steam://url/CommunityFilePage/2009463077</steamWorkshopUrl>
        <downloadUrl>https://github.com/pardeike/HarmonyRimWorld/releases/latest</downloadUrl>
    </li>
	</modDependencies>
</ModMetaData>